alias;target
/blog/plateauschoenen/buffalo-london-herbeleef-de-90-s;/blogs/inspiratie
/blog/dune-london/dune-london-schoenen-en-handtassen;/blogs/inspiratie
/blog/plateauschoenen;/blogs/inspiratie
/blog/plateauschoenen/back-future-met-buffalo-schoenen;/blogs/inspiratie
/blog/herenschoenen/sledgers-stijlvol-en-comfortabel;/blogs/inspiratie
/blog/solden;/blogs/inspiratie
/blog/black-friday;/blogs/inspiratie
/blog/black-friday/black-week-tot-en-met-30-korting-op-de-nieuwe-collectie;/blogs/inspiratie
/blog/buffalo;/blogs/inspiratie
/blog/buffalo/de-nostalgische-buffalo-s-koop-je-nu-bij-original-brands;/blogs/inspiratie
/blog/comfortabele-schoenen;/blogs/inspiratie
/blog/comfortabele-schoenen/ontdek-de-comfy-damesschoenen-van-scholl;/blogs/inspiratie
/blog/dockers;/blogs/inspiratie
/blog/dune-london;/blogs/inspiratie
/blog/ergonomische-schoenen;/blogs/inspiratie
/blog/herenschoenen;/blogs/inspiratie
/blog/microwobbleboard;/blogs/inspiratie
/blog/scholl;/blogs/inspiratie
/blog/solden/wintersolden-original-brands;/blogs/inspiratie
/blog/zomer-2025;/blogs/inspiratie
/blog/zomercollectie;/blogs/inspiratie
